1094	1094
2	first-post
4	javascript-accessbility-woes-part-1
5	accessibility-after-media
6	back-from-vacation
8	our-stuff-sucks
9	when-to-release-your-product
10	looping-through-getelementsbytagname-list
11	back-to-my-roots
13	need-for-originality
14	do-a-lesser-evil
12	framestack-technique-and-accessibility
15	weve-come-to-praise-beautiful-soup
16	uhm-i-dont-like-the-colors
18	beautiful-soup-part-2
19	beautiful-soup-is-beautiful-again
20	im-a-human-dammit
21	why-i-passionately-dislike-twisted-and-zope
22	hide-email-address-from-spammers-with-javascript
23	latency-bandwidth-and-speed-of-applications-part-i
24	latency-bandwidth-and-speed-of-applications-part-ii
25	javascript-timing-conflicts
26	dont-take-my-word-for-it
27	no-language-feature-is-optional
28	proper-way-of-email-quoting
29	fans
30	spletne-urice-v-kiberpipi
31	scaling-image-buttons
32	best-tool-for-the-job
33	tim-bray-at-ooocon-2005
34	scaling-image-buttons-part-2
35	otvoritveno-predavanje
36	organizers-dilemma
37	wordpress-sucks
38	javascript-slider
39	mikroformati
40	dreaming-about-gil
41	broken-apple
42	usefulness-of-microformats
43	kje-pa-tebe-oevelj-zuli
44	when-to-use-degradable-javascript
45	we-got-a-winner
46	website-soundtrack
47	problems-with-ps2-keyboard-in-linux
48	flock
49	another-monday-another-local-announcement
50	rotten-apple
51	blog-ads
52	webzensi
53	adwords-and-google-rank
54	offline
55	searching-for-atom-feed-generator
56	community-development
57	speed-test-of-pyrss2gen-kid-and-atomixlib
58	javascript-and-internacionalization
59	favorite-kde-features
60	history-lessons
61	personal-data-protection
62	when-to-use-ajax
65	archive
67	group-intelligence-and-the-death-of-authority
68	amazing-stupidity-of-comment-spam
69	ads-are-gone
70	imbecile-ad-messages
71	paul-graham-agrees
72	intellectual-property-and-society-benefits
73	riffs-logo-hinting
74	the-most-annoying-business-habit
75	building-faq-from-wiki-pages
76	itunes-price-hike
77	ajax-workshop
78	i-like-sse
79	first-snow
80	ipred-2-endangers-all-software-development
81	nevsiljiv-javascript
82	ipred2-derailed
83	nevsiljiv-javascript-aftermath
84	hiding-form-buttons-as-text
85	whats-in-a-name
86	invisible-help
87	speed-match-json-vs-xml
88	places-to-use-ajax
89	ie7-will-remain-to-be-mime-challenged
90	solving-javascript-i18n-as-work-in-progress
91	words-matter
92	googles-bias
93	look-ma-html-too
94	telemarketing-scum
95	multitasking-with-post-requests
96	multitasking-with-post-requests-part-ii
97	plone-and-dojo
98	beloved-python-filter
99	in-defense-of-a-regular-user
100	news-at-seven-javascript-i18n-that-almost-doesnt-suck
101	first-look-at-upcoming-wordpress-20
102	structured-blogging
103	favorite-python-blog
104	buying-a-lightbulb
105	problems-with-reading-css-properties-in-safari
106	which-famous-dutch-painter-was-also-a-diplomat
107	happy-holidays
108	media-2006
109	xmlhttprequest-and-status-0
110	open-federation-for-google-talk
111	new-eu-initiative-for-unified-patent-system
112	firefox-adds-ping-attribute
113	what-ipod-teaches-us-about-modern-web-design
114	ease-of-use-and-productivity-dichotomy
115	undiscovered-talent
116	lessons-from-navigation-design
117	the-end-of-internet
118	in-search-of-easy-templating
119	when-to-give-in
120	tags
121	tag-frequency-ratio
122	css-margin-collapse
123	css-pixels-are-a-relative-unit
124	safe-data
125	shoemakers
126	whitespace-whining
127	faking-bodyonload
128	google-pages
129	pycon
130	revisiting-javascript-i18n
131	code
132	firefox-and-deferdefer
133	ipod-talk-this-wednesday
134	the-day-after
135	microformats-and-web-clipboard
136	reusability-of-css-based-designs-a-myth
137	messing-with-other-peoples-code
138	universal-encoding-detector
139	customizable-interfaces
140	localized-interfaces-in-globalized-world
141	single-post-trackback-spam
142	sgmllibpy-parser-woes
143	outage
144	updated-sgmllib
145	mobile-phones-shopping
146	javascript-enabled-spiders
147	simple-list-extensions
148	google-ignore
149	frys-outbreak
150	ajax-workshop-2
151	robot-exclusion-profile
152	role-of-graphic-design
153	python-on-series-60
154	two-button-movie-player-interface
155	clear-labels
156	publish-date-in-title-tag-wordpress
157	another-voice-against-captcha
158	ajax-workshop-end-of-act-i
159	speed-of-development
160	mochikit
161	pythons-most-valued
162	hide-email-address-from-spammers-with-javascript-a-new-attempt
163	micropayments-and-indiekarma
164	usefulness-of-ajax
165	what-is-slovenia
166	gillette-phone
167	marela-is-openwell-kind-of
168	mobile-user-interfaces
169	ps3-cheap-or-expensive
170	missing-tab-icons-on-series-60-python
171	henry-the-adequate
172	opera-mini-and-file-uploads
173	the-callee-is-not-available
174	gaivo-jabber-server
175	oreillys-hypocrasy
176	blog-titles
177	update-on-my-series60-marela-uploader
178	firefox-extensions-javascript-conflicts
179	looking-for-monitor
180	rtvslosi-redesign
181	plivadons-accessibility
182	marela-uploader-for-series-60-phones-first-public-version
183	ipod-talk-on-28th-of-june-at-itk
184	first-anniversary
185	media-2006-is-over
186	sense-and-sensibility-of-javascript-libraries
187	mandatory-public-sector-accessibility
188	bad-marketing
189	delicious-library
190	snooping-on-customization
191	flashaid
192	pickup-photo-uploader
193	changing-the-type-of-input-elements-in-explorer
194	changing-the-name-attribute-of-input-elements-in-explorer
195	ajax-talk-at-nest
196	remembering-parts-of-a-page
197	accessible-dhtml-and-other-bits
198	auto-grow-textarea
199	marela-widgets-i
200	marela-widgets-ii
201	javascript-17
202	knowledge
203	code-misery
204	marela-widget-iii
206	terminology
207	hyperscope-and-my-blogs-evolution
208	back
209	preventing-javascript-download-on-mobile-web
210	handling-404
211	speeding-up-levenshtein
212	nokia-770-internet-tablet
213	bisect-and-sub-par-modules
214	change
215	free-book
216	forgetfulness-of-online-maps
217	meeting-expectations
218	problem-with-public-javascript-hosting
219	looking-for-simon-willison
220	macs-and-just-working
221	error-logging-and-failed-authentication-attempts
222	google-and-ocropus
223	transient-nature-of-openid-identities
224	magic-ink
225	www2007
226	standardized-luggage-sizes
227	google-gears-goodies
228	students-wikipedia-and-adsense
229	slovenian-bureaucracy
231	random-saturday-thought
232	w3c-and-old-web
233	no-time
234	flash-inside-of-wysiwyg-html-editor
235	looking-for-adobe-rgb-to-srgb-conversion-tool
236	information-retrieval
237	public-social-graph
238	flashy-new-old-machine
239	my-personal-research-agenda
240	job-satisfaction
241	really-open-social-network
242	one-web-for-all-but-with-different-lanes
243	dynamically-controlling-behavior-and-size-of-a-page
244	javascript-events-on-tablet
245	suing-myself
246	g1g1-is-in-the-house
247	javascript-objekti
248	javascript-events
249	javascript-events-drugic
250	triggering-a-server-request-on-onunload-event
251	zemanta
252	debugging-javascript-applications
253	all-code-is-crap
254	blog-upgrade
256	google-doctype
257	twitter
261	reblog-and-clean-html
266	switchedto-firefox-3
267	firefox-3-release-party
280	going-home
281	generating-python-exceptions-classes
286	hiding-everything-but-editor-on-wordpress-with-greasemonkey
287	leaving-app-engine-for-now
288	namibia
296	tweaking-pages
300	wtf
304	shipping-software-frequency
305	view-unread-in-gmail-and-move-documents-in-google-docs
310	dancing-on-titanic
311	self-referencing-page-links
312	simplifying-registration-forms
313	ie6-hope-of-web-standards
314	quo-vadis-nokia
321	reading-electrons
322	javascript-the-good-parts-and-stringsplit-problem
325	game-mechanics-on-web
329	open-hack-2009
333	the-four-steps-to-epiphany
338	100-books-to-save-a-civilization
353	one-small-step
360	pseudorandom-thoughts-of-overworked-developer
479	dos-and-donts-of-job-interviews
509	making-peanut-butter
527	facebook-web-mobile-and-me
534	2009-review
540	books-i-read-in-2009
549	dreaming-about-arithmetic-mean
563	a-month-with-nokia-n900
572	appeal-for-better-support-of-authors-widgets
579	n900-applications-i-miss
588	my-prototypes-on-youtube
591	using-canvas-and-javascript-to-blur-images
596	europython-submission-deadline-is-around-the-corner
598	sign-up-and-facebook-connect
604	review-of-expense-tracker-toshl
608	sabbatical
615	reading-and-travels
631	2010-review
639	books-i-read-in-2010
649	impostor-for-django
660	typeface-snobbism
664	gamification-of-book-reading
734	address
754	missing-referrers
766	salary
777	my-opendata-hackday-experience
807	6th-anniversary-of-wwwh
818	androids-design-reflections
827	pimping-my-notebook
848	upcoming-elections
865	reading-sources
898	cookies-localstorage-and-shared-state
904	2011-review
912	books-i-read-in-2011
918	on-tumblr
929	beta-prefix-algorithm-for-css
936	save-bandwidth-switch
953	frank-hurleys-broken-plates
964	opendata-hackday-april-2012
971	bolivia-land-of-llamas-mines-and-amazing-beauty
1005	passion
1014	subtracting-sets-to-get-non-referenced-rows-in-table
1022	on-ubiquitousness-of-3d-printing
1048	ownership
1058	2012-review
1073	books-i-read-in-2012
1085	aaron
1087	shrinking-images-with-image-diet
1097	exporting-tagged-items-from-google-reader
1103	prism
1116	adieu-mes-amis
1119	laughable-javascript-security
1150	comments-closed
1161	djangocon-europe-2014
1175	avoiding-being-stupid
1186	2013-review
1189	the-books-i-read-in-2013
1199	40
1203	chirp-squawk-cackle-or-honk
1254	books-i-read-in-2014
1262	late-2014-review
